{
  "": {
    "data": {
      "model/metrics.json": {
        "data": {
          "PROD": {
            "precision": 0.7066869300911854,
            "recall": 0.6729377713458755,
            "f1-score": 0.6893995552260934,
            "support": 691
          },
          "MONEY": {
            "precision": 0.9820051413881749,
            "recall": 0.9720101781170484,
            "f1-score": 0.9769820971867008,
            "support": 393
          },
          "CRIT": {
            "precision": 0.7065868263473054,
            "recall": 0.6519337016574586,
            "f1-score": 0.67816091954023,
            "support": 181
          },
          "PAYM": {
            "precision": 0.9425287356321839,
            "recall": 0.9425287356321839,
            "f1-score": 0.9425287356321839,
            "support": 87
          },
          "PER": {
            "precision": 0.8620689655172413,
            "recall": 0.78125,
            "f1-score": 0.8196721311475409,
            "support": 32
          },
          "LOC": {
            "precision": 0.7916666666666666,
            "recall": 0.8260869565217391,
            "f1-score": 0.8085106382978724,
            "support": 23
          },
          "micro avg": {
            "precision": 0.8057607090103397,
            "recall": 0.775408670931059,
            "f1-score": 0.7902933719666787,
            "support": 1407
          },
          "macro avg": {
            "precision": 0.8319238776071263,
            "recall": 0.8077912238790509,
            "f1-score": 0.8192090128384368,
            "support": 1407
          },
          "weighted avg": {
            "precision": 0.8030813397706531,
            "recall": 0.775408670931059,
            "f1-score": 0.7888425274839788,
            "support": 1407
          },
          "samples avg": {
            "precision": 0.6544691061787642,
            "recall": 0.6544691061787642,
            "f1-score": 0.6544691061787642,
            "support": 1407
          }
        }
      },
      "twitter_model/metrics.json": {
        "data": {
          "PROD": {
            "precision": 0.6935975609756098,
            "recall": 0.658465991316932,
            "f1-score": 0.6755753526354863,
            "support": 691
          },
          "MONEY": {
            "precision": 0.9870801033591732,
            "recall": 0.9720101781170484,
            "f1-score": 0.9794871794871794,
            "support": 393
          },
          "CRIT": {
            "precision": 0.7142857142857143,
            "recall": 0.6353591160220995,
            "f1-score": 0.6725146198830411,
            "support": 181
          },
          "PAYM": {
            "precision": 0.9529411764705882,
            "recall": 0.9310344827586207,
            "f1-score": 0.941860465116279,
            "support": 87
          },
          "PER": {
            "precision": 0.7931034482758621,
            "recall": 0.71875,
            "f1-score": 0.7540983606557378,
            "support": 32
          },
          "LOC": {
            "precision": 0.7916666666666666,
            "recall": 0.8260869565217391,
            "f1-score": 0.8085106382978724,
            "support": 23
          },
          "micro avg": {
            "precision": 0.801043219076006,
            "recall": 0.7640369580668088,
            "f1-score": 0.7821025827573663,
            "support": 1407
          },
          "macro avg": {
            "precision": 0.8221124450056024,
            "recall": 0.79028445412274,
            "f1-score": 0.805341102679266,
            "support": 1407
          },
          "weighted avg": {
            "precision": 0.7981362015430831,
            "recall": 0.7640369580668088,
            "f1-score": 0.7804939083833433,
            "support": 1407
          },
          "samples avg": {
            "precision": 0.6425582785415421,
            "recall": 0.6425582785415421,
            "f1-score": 0.6425582785415421,
            "support": 1407
          }
        }
      },
      "finetuned_twitter_model/metrics.json": {
        "data": {
          "PROD": {
            "precision": 0.7033773861967695,
            "recall": 0.6931982633863966,
            "f1-score": 0.6982507288629738,
            "support": 691
          },
          "MONEY": {
            "precision": 0.9745547073791349,
            "recall": 0.9745547073791349,
            "f1-score": 0.9745547073791349,
            "support": 393
          },
          "CRIT": {
            "precision": 0.7298850574712644,
            "recall": 0.7016574585635359,
            "f1-score": 0.7154929577464789,
            "support": 181
          },
          "PAYM": {
            "precision": 0.9213483146067416,
            "recall": 0.9425287356321839,
            "f1-score": 0.9318181818181818,
            "support": 87
          },
          "PER": {
            "precision": 0.8333333333333334,
            "recall": 0.78125,
            "f1-score": 0.8064516129032259,
            "support": 32
          },
          "LOC": {
            "precision": 0.8,
            "recall": 0.8695652173913043,
            "f1-score": 0.8333333333333333,
            "support": 23
          },
          "micro avg": {
            "precision": 0.8017241379310345,
            "recall": 0.7931769722814499,
            "f1-score": 0.7974276527331189,
            "support": 1407
          },
          "macro avg": {
            "precision": 0.8270831331645406,
            "recall": 0.8271257303920926,
            "f1-score": 0.826650253673888,
            "support": 1407
          },
          "weighted avg": {
            "precision": 0.8005450883452166,
            "recall": 0.7931769722814499,
            "f1-score": 0.796756772632679,
            "support": 1407
          },
          "samples avg": {
            "precision": 0.6646813579511615,
            "recall": 0.6646813579511615,
            "f1-score": 0.6646813579511615,
            "support": 1407
          }
        }
      },
      "transformer_model/metrics.json": {
        "data": {
          "PROD": {
            "precision": 0.7351274787535411,
            "recall": 0.7510853835021708,
            "f1-score": 0.7430207587687903,
            "support": 691
          },
          "MONEY": {
            "precision": 0.9846153846153847,
            "recall": 0.9770992366412213,
            "f1-score": 0.9808429118773947,
            "support": 393
          },
          "CRIT": {
            "precision": 0.7151162790697675,
            "recall": 0.6795580110497238,
            "f1-score": 0.6968838526912181,
            "support": 181
          },
          "PAYM": {
            "precision": 0.9882352941176471,
            "recall": 0.9655172413793104,
            "f1-score": 0.9767441860465116,
            "support": 87
          },
          "PER": {
            "precision": 0.9,
            "recall": 0.84375,
            "f1-score": 0.870967741935484,
            "support": 32
          },
          "LOC": {
            "precision": 0.875,
            "recall": 0.9130434782608695,
            "f1-score": 0.8936170212765957,
            "support": 23
          },
          "micro avg": {
            "precision": 0.8230277185501066,
            "recall": 0.8230277185501066,
            "f1-score": 0.8230277185501066,
            "support": 1407
          },
          "macro avg": {
            "precision": 0.8663490727593901,
            "recall": 0.8550088918055492,
            "f1-score": 0.860346078765999,
            "support": 1407
          },
          "weighted avg": {
            "precision": 0.8239264044580001,
            "recall": 0.8230277185501066,
            "f1-score": 0.8233372348482617,
            "support": 1407
          },
          "samples avg": {
            "precision": 0.7005444646098004,
            "recall": 0.7005444646098004,
            "f1-score": 0.7005444646098004,
            "support": 1407
          }
        }
      },